Time Linearsearch: ID, TIME1, TIME2
0, 0.000335, 0.000005
1, 0.000288, 0.000005
2, 0.000837, 0.000003
3, 0.000000, 0.000000
4, 0.000232, 0.000004
5, 0.000745, 0.000005
6, 0.001034, 0.000007
7, 0.000000, 0.000005
8, 0.000000, 0.000001
9, 0.000000, 0.000004
10, 0.000000, 0.000005
11, 0.001296, 0.000003
12, 0.000550, 0.000004
13, 0.000455, 0.000005
14, 0.000000, 0.000005
15, 0.000000, 0.000004
16, 0.000563, 0.000005
17, 0.001135, 0.000004
18, 0.000118, 0.000002
19, 0.001490, 0.000005
20, 0.000000, 0.000004
21, 0.000000, 0.000006
22, 0.000000, 0.000006
23, 0.000134, 0.000004
24, 0.000681, 0.000003
25, 0.000452, 0.000004
26, 0.000000, 0.000005
27, 0.001384, 0.000003
28, 0.000983, 0.000004
29, 0.001389, 0.000005
30, 0.001130, 0.000006
31, 0.001250, 0.000006
32, 0.000190, 0.000002
33, 0.000067, 0.000003
34, 0.000220, 0.000002
35, 0.001425, 0.000005
36, 0.000546, 0.000004
37, 0.000936, 0.000003
38, 0.001040, 0.000003
39, 0.000000, 0.000006
40, 0.001260, 0.000006
41, 0.000000, 0.000003
42, 0.001439, 0.000006
43, 0.000746, 0.000003
44, 0.000038, 0.000004
45, 0.000000, 0.000007
46, 0.000000, 0.000005
47, 0.000823, 0.000003
48, 0.000000, 0.000002
49, 0.001234, 0.000004
50, 0.000653, 0.000003
51, 0.000000, 0.000001
52, 0.000486, 0.000004
53, 0.000111, 0.000005
54, 0.001692, 0.000001
55, 0.000602, 0.000002
56, 0.000704, 0.000003
57, 0.001382, 0.000003
58, 0.000493, 0.000004
59, 0.000565, 0.000003
60, 0.000026, 0.000006
61, 0.001397, 0.000004
62, 0.000021, 0.000001
63, 0.001095, 0.000000
64, 0.000425, 0.000008
65, 0.000810, 0.000004
66, 0.000000, 0.000000
67, 0.000000, 0.000004
68, 0.001106, 0.000003
69, 0.000000, 0.000002
70, 0.000395, 0.000001
71, 0.000120, 0.000001
72, 0.000000, 0.000004
73, 0.000000, 0.000001
74, 0.000000, 0.000003
75, 0.001341, 0.000002
76, 0.000000, 0.000003
77, 0.001147, 0.000000
78, 0.000000, 0.000001
79, 0.000470, 0.000005
80, 0.000000, 0.000001
81, 0.000532, 0.000007
82, 0.000000, 0.000003
83, 0.000000, 0.000003
84, 0.001072, 0.000001
85, 0.001615, 0.000001
86, 0.001474, 0.000005
87, 0.000000, 0.000001
88, 0.000445, 0.000000
89, 0.000772, 0.000001
90, 0.000065, 0.000002
91, 0.000956, 0.000002
92, 0.000000, 0.000002
93, 0.001221, 0.000004
94, 0.000000, 0.000005
95, 0.001515, 0.000002
96, 0.000000, 0.000000
97, 0.000413, 0.000000
98, 0.000619, 0.000003
99, 0.000000, 0.000002
100, 0.000052, 0.000004
101, 0.001268, 0.000001
102, 0.000187, 0.000003
103, 0.000000, 0.000000
104, 0.000000, 0.000001
105, 0.001345, 0.000002
106, 0.000005, 0.000000
107, 0.001119, 0.000001
108, 0.000000, 0.000004
109, 0.000487, 0.000001
110, 0.000000, 0.000001
111, 0.000000, 0.000005
112, 0.000722, 0.000004
113, 0.000000, 0.000006
114, 0.001177, 0.000001
115, 0.000886, 0.000003
116, 0.000795, 0.000000
117, 0.001179, 0.000003
118, 0.000816, 0.000004
119, 0.001553, 0.000001
120, 0.000073, 0.000001
121, 0.000000, 0.000002
122, 0.000000, 0.000005
123, 0.000000, 0.000003
124, 0.000435, 0.000004
125, 0.000000, 0.000002
126, 0.000000, 0.000002
127, 0.000000, 0.000004
128, 0.001283, 0.000006
129, 0.000000, 0.000003
130, 0.000000, 0.000005
131, 0.000891, 0.000003
132, 0.000779, 0.000007
133, 0.000000, 0.000004
134, 0.000000, 0.000003
135, 0.000095, 0.000003
136, 0.000000, 0.000004
137, 0.000000, 0.000005
138, 0.000000, 0.000003
139, 0.001165, 0.000004
140, 0.001144, 0.000007
141, 0.001247, 0.000002
142, 0.000914, 0.000001
143, 0.000000, 0.000001
144, 0.000413, 0.000006
145, 0.000826, 0.000000
146, 0.000000, 0.000001
147, 0.000716, 0.000002
148, 0.001575, 0.000000
149, 0.000000, 0.000003
150, 0.000000, 0.000000
151, 0.000659, 0.000004
152, 0.000693, 0.000002
153, 0.000185, 0.000006
154, 0.000000, 0.000004
155, 0.000017, 0.000005
156, 0.001337, 0.000002
157, 0.001330, 0.000006
158, 0.000000, 0.000009
159, 0.000000, 0.000002
160, 0.001255, 0.000001
161, 0.000999, 0.000004
162, 0.000000, 0.000000
163, 0.000454, 0.000000
164, 0.000388, 0.000000
165, 0.001564, 0.000000
166, 0.000384, 0.000003
167, 0.000000, 0.000006
168, 0.000667, 0.000006
169, 0.000922, 0.000008
170, 0.000000, 0.000000
171, 0.000000, 0.000001
172, 0.000000, 0.000000
173, 0.000000, 0.000006
174, 0.000484, 0.000000
175, 0.001326, 0.000003
176, 0.000338, 0.000002
177, 0.000438, 0.000004
178, 0.001438, 0.000001
179, 0.000000, 0.000001
180, 0.000416, 0.000001
181, 0.000594, 0.000000
182, 0.001139, 0.000001
183, 0.000000, 0.000000
184, 0.000663, 0.000002
185, 0.000899, 0.000000
186, 0.000000, 0.000000
187, 0.000215, 0.000005
188, 0.001325, 0.000001
189, 0.000216, 0.000004
190, 0.001178, 0.000002
191, 0.000000, 0.000002
192, 0.001466, 0.000000
193, 0.000000, 0.000000
194, 0.001336, 0.000005
195, 0.000926, 0.000001
196, 0.000000, 0.000000
197, 0.000787, 0.000006
198, 0.000894, 0.000001
199, 0.001358, 0.000004
200, 0.000130, 0.000002
201, 0.000048, 0.000001
202, 0.000284, 0.000007
203, 0.000491, 0.000005
204, 0.000000, 0.000000
205, 0.000451, 0.000001
206, 0.001492, 0.000000
207, 0.000893, 0.000002
208, 0.000771, 0.000001
209, 0.001542, 0.000005
210, 0.000037, 0.000002
211, 0.000150, 0.000001
212, 0.000000, 0.000003
213, 0.000713, 0.000000
214, 0.001641, 0.000000
215, 0.001374, 0.000003
216, 0.000000, 0.000005
217, 0.000070, 0.000005
218, 0.001323, 0.000001
219, 0.000000, 0.000002
220, 0.000048, 0.000002
221, 0.000144, 0.000000
222, 0.000706, 0.000006
223, 0.000000, 0.000000
224, 0.001252, 0.000004
225, 0.001549, 0.000001
226, 0.001237, 0.000003
227, 0.000000, 0.000006
228, 0.000132, 0.000004
229, 0.000000, 0.000000
230, 0.000414, 0.000000
231, 0.000000, 0.000007
232, 0.000814, 0.000002
233, 0.000000, 0.000002
234, 0.000000, 0.000001
235, 0.000138, 0.000003
236, 0.000697, 0.000000
237, 0.000073, 0.000001
238, 0.000000, 0.000008
239, 0.000000, 0.000001
240, 0.001479, 0.000000
241, 0.000000, 0.000000
242, 0.000000, 0.000002
243, 0.001372, 0.000000
244, 0.000965, 0.000002
245, 0.000900, 0.000007
246, 0.000000, 0.000004
247, 0.000000, 0.000003
248, 0.000739, 0.000001
249, 0.000000, 0.000000
250, 0.000802, 0.000000
251, 0.000754, 0.000000
252, 0.000000, 0.000001
253, 0.000000, 0.000000
254, 0.001128, 0.000001
255, 0.000000, 0.000000
256, 0.001565, 0.000005
257, 0.000339, 0.000000
258, 0.001247, 0.000001
259, 0.000257, 0.000000
260, 0.000566, 0.000009
261, 0.000000, 0.000004
262, 0.000000, 0.000000
263, 0.000000, 0.000002
264, 0.001370, 0.000001
265, 0.000748, 0.000000
266, 0.000543, 0.000002
267, 0.000720, 0.000006
268, 0.000083, 0.000000
269, 0.000444, 0.000001
270, 0.000000, 0.000000
271, 0.000245, 0.000001
272, 0.000384, 0.000001
273, 0.001648, 0.000001
274, 0.000000, 0.000005
275, 0.000106, 0.000000
276, 0.000570, 0.000005
277, 0.000350, 0.000004
278, 0.000419, 0.000001
279, 0.001633, 0.000000
280, 0.000000, 0.000001
281, 0.000000, 0.000005
282, 0.000000, 0.000003
283, 0.001295, 0.000004
284, 0.000000, 0.000001
285, 0.000000, 0.000001
286, 0.000000, 0.000001
287, 0.000811, 0.000001
288, 0.000086, 0.000005
289, 0.000074, 0.000003
290, 0.000157, 0.000000
291, 0.000000, 0.000000
292, 0.000000, 0.000006
293, 0.000838, 0.000000
294, 0.001223, 0.000006
295, 0.000433, 0.000003
296, 0.000142, 0.000003
297, 0.000277, 0.000000
298, 0.000195, 0.000000
299, 0.000521, 0.000001
300, 0.000915, 0.000002
301, 0.001044, 0.000001
302, 0.000765, 0.000001
303, 0.000919, 0.000010
304, 0.000000, 0.000003
305, 0.000373, 0.000001
306, 0.000000, 0.000002
307, 0.000000, 0.000000
308, 0.000846, 0.000002
309, 0.000544, 0.000000
310, 0.000381, 0.000000
311, 0.000000, 0.000004
312, 0.000757, 0.000004
313, 0.000000, 0.000000
314, 0.001062, 0.000000
315, 0.000271, 0.000003
316, 0.000270, 0.000001
317, 0.001362, 0.000002
318, 0.001080, 0.000004
319, 0.000000, 0.000000
320, 0.000000, 0.000001
321, 0.000000, 0.000001
322, 0.000102, 0.000001
323, 0.000000, 0.000001
324, 0.000000, 0.000002
325, 0.000000, 0.000005
326, 0.000401, 0.000000
327, 0.000759, 0.000000
328, 0.000000, 0.000001
329, 0.000750, 0.000002
330, 0.000000, 0.000006
331, 0.000500, 0.000001
332, 0.001184, 0.000007
333, 0.000782, 0.000000
334, 0.000719, 0.000000
335, 0.000634, 0.000000
336, 0.000990, 0.000002
337, 0.000000, 0.000004
338, 0.000996, 0.000001
339, 0.000000, 0.000003
340, 0.000548, 0.000005
341, 0.000198, 0.000000
342, 0.000445, 0.000003
343, 0.000000, 0.000000
344, 0.000000, 0.000001
345, 0.001280, 0.000000
346, 0.000820, 0.000000
347, 0.000000, 0.000004
348, 0.000000, 0.000006
349, 0.000000, 0.000003
350, 0.000220, 0.000001
351, 0.000000, 0.000003
352, 0.001205, 0.000002
353, 0.000265, 0.000003
354, 0.001347, 0.000007
355, 0.000714, 0.000004
356, 0.000000, 0.000009
357, 0.000000, 0.000002
358, 0.000050, 0.000004
359, 0.000281, 0.000006
360, 0.001614, 0.000004
361, 0.000000, 0.000003
362, 0.000000, 0.000002
363, 0.000213, 0.000005
364, 0.001057, 0.000007
365, 0.001020, 0.000000
366, 0.000245, 0.000001
367, 0.001225, 0.000006
368, 0.001296, 0.000003
369, 0.001391, 0.000004
370, 0.001558, 0.000005
371, 0.001094, 0.000002
372, 0.000000, 0.000003
373, 0.000144, 0.000001
374, 0.000000, 0.000005
375, 0.001216, 0.000005
376, 0.000000, 0.000005
377, 0.000732, 0.000003
378, 0.000693, 0.000005
379, 0.000505, 0.000004
380, 0.000000, 0.000000
381, 0.000852, 0.000000
382, 0.000033, 0.000007
383, 0.001140, 0.000005
384, 0.000945, 0.000002
385, 0.001519, 0.000003
386, 0.001491, 0.000003
387, 0.000369, 0.000003
388, 0.000152, 0.000001
389, 0.000453, 0.000004
390, 0.000000, 0.000006
391, 0.000162, 0.000004
392, 0.000483, 0.000001
393, 0.000156, 0.000006
394, 0.001060, 0.000004
395, 0.001554, 0.000000
396, 0.001154, 0.000000
397, 0.000000, 0.000004
398, 0.000561, 0.000005
399, 0.000102, 0.000006
400, 0.000000, 0.000006
401, 0.000000, 0.000007
402, 0.000000, 0.000004
403, 0.000583, 0.000003
404, 0.000526, 0.000003
405, 0.000482, 0.000003
406, 0.000191, 0.000008
407, 0.000573, 0.000003
408, 0.000491, 0.000005
409, 0.001640, 0.000009
410, 0.000000, 0.000003
411, 0.001078, 0.000005
412, 0.000238, 0.000005
413, 0.000000, 0.000004
414, 0.000000, 0.000003
415, 0.000000, 0.000005
416, 0.000860, 0.000004
417, 0.000000, 0.000001
418, 0.000758, 0.000007
419, 0.000367, 0.000002
420, 0.000856, 0.000001
421, 0.000000, 0.000000
422, 0.000000, 0.000001
423, 0.000009, 0.000000
424, 0.000409, 0.000001
425, 0.001323, 0.000004
426, 0.000000, 0.000005
427, 0.001567, 0.000001
428, 0.000000, 0.000003
429, 0.000000, 0.000002
430, 0.001077, 0.000003
431, 0.000556, 0.000003
432, 0.000000, 0.000004
433, 0.000336, 0.000007
434, 0.000592, 0.000004
435, 0.000851, 0.000002
436, 0.001498, 0.000007
437, 0.000213, 0.000000
438, 0.000453, 0.000002
439, 0.000203, 0.000003
440, 0.000206, 0.000006
441, 0.000045, 0.000001
442, 0.000000, 0.000007
443, 0.000000, 0.000004
444, 0.000439, 0.000002
445, 0.001173, 0.000000
446, 0.000000, 0.000001
447, 0.001457, 0.000003
448, 0.000000, 0.000000
449, 0.000175, 0.000004
450, 0.000230, 0.000004
451, 0.000686, 0.000007
452, 0.000373, 0.000006
453, 0.000319, 0.000006
454, 0.000474, 0.000004
455, 0.000000, 0.000006
456, 0.000000, 0.000005
457, 0.000000, 0.000002
458, 0.000051, 0.000005
459, 0.000193, 0.000004
460, 0.001212, 0.000003
461, 0.000142, 0.000008
462, 0.000000, 0.000004
463, 0.000124, 0.000003
464, 0.001228, 0.000006
465, 0.000476, 0.000005
466, 0.001326, 0.000005
467, 0.000000, 0.000004
468, 0.000574, 0.000006
469, 0.001227, 0.000005
470, 0.000310, 0.000005
471, 0.000000, 0.000009
472, 0.000163, 0.000004
473, 0.000261, 0.000003
474, 0.001003, 0.000002
475, 0.000000, 0.000005
476, 0.000000, 0.000004
477, 0.000000, 0.000004
478, 0.000694, 0.000006
479, 0.000000, 0.000003
480, 0.000000, 0.000007
481, 0.000510, 0.000002
482, 0.000000, 0.000004
483, 0.001419, 0.000004
484, 0.000879, 0.000004
485, 0.000425, 0.000005
486, 0.000542, 0.000005
487, 0.000000, 0.000005
488, 0.000841, 0.000004
489, 0.000059, 0.000005
490, 0.000863, 0.000004
491, 0.001492, 0.000003
492, 0.000000, 0.000004
493, 0.000000, 0.000004
494, 0.000324, 0.000003
495, 0.000000, 0.000001
496, 0.000166, 0.000001
497, 0.000000, 0.000000
498, 0.000413, 0.000008
499, 0.000323, 0.000002
500, 0.000000, 0.000000
501, 0.000000, 0.000004
502, 0.000000, 0.000005
503, 0.000000, 0.000002
504, 0.001355, 0.000004
505, 0.001210, 0.000002
506, 0.000000, 0.000010
507, 0.000321, 0.000004
508, 0.000000, 0.000002
509, 0.000454, 0.000003
510, 0.000327, 0.000005
511, 0.000000, 0.000005
512, 0.001519, 0.000007
513, 0.001669, 0.000004
514, 0.000584, 0.000004
515, 0.000000, 0.000006
516, 0.000000, 0.000003
517, 0.000130, 0.000008
518, 0.000079, 0.000004
519, 0.001430, 0.000007
520, 0.000000, 0.000003
521, 0.000472, 0.000003
522, 0.000000, 0.000002
523, 0.000503, 0.000005
524, 0.000258, 0.000004
525, 0.000000, 0.000003
526, 0.001558, 0.000004
527, 0.000000, 0.000004
528, 0.001634, 0.000003
529, 0.000520, 0.000004
530, 0.000000, 0.000003
531, 0.000686, 0.000003
532, 0.000027, 0.000005
533, 0.000706, 0.000003
534, 0.000397, 0.000002
535, 0.000127, 0.000004
536, 0.001335, 0.000005
537, 0.001331, 0.000005
538, 0.000372, 0.000003
539, 0.000000, 0.000004
540, 0.000000, 0.000001
541, 0.001562, 0.000004
542, 0.000512, 0.000003
543, 0.000546, 0.000000
544, 0.000000, 0.000006
545, 0.000000, 0.000003
546, 0.000000, 0.000004
547, 0.000002, 0.000004
548, 0.000205, 0.000003
549, 0.000000, 0.000004
550, 0.001039, 0.000000
551, 0.000000, 0.000003
552, 0.000000, 0.000006
553, 0.000000, 0.000001
554, 0.000000, 0.000003
555, 0.000000, 0.000005
556, 0.000000, 0.000003
557, 0.000000, 0.000002
558, 0.001620, 0.000005
559, 0.000753, 0.000003
560, 0.001469, 0.000001
561, 0.000000, 0.000000
562, 0.000779, 0.000010
563, 0.000405, 0.000006
564, 0.001037, 0.000020
565, 0.001523, 0.000000
566, 0.000000, 0.000005
567, 0.000158, 0.000002
568, 0.000000, 0.000001
569, 0.000886, 0.000000
570, 0.000109, 0.000005
571, 0.000000, 0.000005
572, 0.000000, 0.000002
573, 0.000000, 0.000006
574, 0.000000, 0.000001
575, 0.000757, 0.000001
576, 0.000655, 0.000003
577, 0.000246, 0.000003
578, 0.000377, 0.000004
579, 0.000772, 0.000001
580, 0.001304, 0.000003
581, 0.001278, 0.000006
582, 0.001323, 0.000000
583, 0.000322, 0.000003
584, 0.000000, 0.000003
585, 0.000000, 0.000001
586, 0.000000, 0.000001
587, 0.000090, 0.000000
588, 0.000554, 0.000008
589, 0.000000, 0.000001
590, 0.000000, 0.000000
591, 0.000012, 0.000001
592, 0.000119, 0.000001
593, 0.000000, 0.000001
594, 0.000000, 0.000000
595, 0.000874, 0.000004
596, 0.000000, 0.000001
597, 0.000859, 0.000001
598, 0.000261, 0.000000
599, 0.001444, 0.000005
600, 0.001505, 0.000001
601, 0.000029, 0.000006
602, 0.000000, 0.000006
603, 0.000000, 0.000004
604, 0.000000, 0.000003
605, 0.000000, 0.000000
606, 0.000352, 0.000005
607, 0.000000, 0.000003
608, 0.000497, 0.000000
609, 0.001608, 0.000001
610, 0.000162, 0.000005
611, 0.000000, 0.000004
612, 0.001166, 0.000001
613, 0.000661, 0.000005
614, 0.000000, 0.000001
615, 0.001142, 0.000000
616, 0.000000, 0.000003
617, 0.000000, 0.000006
618, 0.000000, 0.000002
619, 0.001543, 0.000003
620, 0.000697, 0.000002
621, 0.000000, 0.000008
622, 0.001354, 0.000005
623, 0.000651, 0.000000
624, 0.000252, 0.000004
625, 0.000000, 0.000001
626, 0.000128, 0.000003
627, 0.000000, 0.000000
628, 0.000298, 0.000002
629, 0.001221, 0.000002
630, 0.000000, 0.000000
631, 0.000000, 0.000007
632, 0.000308, 0.000003
633, 0.000107, 0.000002
634, 0.000995, 0.000001
635, 0.000000, 0.000009
636, 0.000615, 0.000001
637, 0.000277, 0.000004
638, 0.000000, 0.000003
639, 0.001518, 0.000006
640, 0.000000, 0.000001
641, 0.000000, 0.000000
642, 0.000181, 0.000004
643, 0.001211, 0.000001
644, 0.001174, 0.000008
645, 0.000170, 0.000007
646, 0.000244, 0.000001
647, 0.000000, 0.000001
648, 0.001423, 0.000002
649, 0.000000, 0.000005
650, 0.001585, 0.000006
651, 0.000000, 0.000001
652, 0.001565, 0.000001
653, 0.001291, 0.000006
654, 0.000000, 0.000003
655, 0.000000, 0.000003
656, 0.000495, 0.000001
657, 0.000000, 0.000003
658, 0.000000, 0.000001
659, 0.000000, 0.000000
660, 0.000000, 0.000005
661, 0.000000, 0.000005
662, 0.000384, 0.000001
663, 0.000000, 0.000000
664, 0.000000, 0.000006
665, 0.001087, 0.000001
666, 0.000260, 0.000000
667, 0.001114, 0.000001
668, 0.000000, 0.000004
669, 0.000000, 0.000004
670, 0.000000, 0.000001
671, 0.000125, 0.000007
672, 0.000000, 0.000001
673, 0.001624, 0.000004
674, 0.000352, 0.000000
675, 0.000000, 0.000003
676, 0.000074, 0.000001
677, 0.000000, 0.000000
678, 0.000000, 0.000001
679, 0.000000, 0.000005
680, 0.000101, 0.000002
681, 0.001435, 0.000004
682, 0.000924, 0.000004
683, 0.001321, 0.000003
684, 0.000000, 0.000004
685, 0.000000, 0.000004
686, 0.000000, 0.000006
687, 0.000000, 0.000003
688, 0.000000, 0.000006
689, 0.000000, 0.000004
690, 0.000379, 0.000004
691, 0.000266, 0.000005
692, 0.000362, 0.000003
693, 0.000000, 0.000003
694, 0.001612, 0.000004
695, 0.000000, 0.000003
696, 0.001143, 0.000005
697, 0.000511, 0.000004
698, 0.000000, 0.000003
699, 0.000501, 0.000004
700, 0.000070, 0.000004
701, 0.000864, 0.000004
702, 0.000820, 0.000003
703, 0.000064, 0.000003
704, 0.001355, 0.000003
705, 0.000278, 0.000004
706, 0.000636, 0.000006
707, 0.000329, 0.000003
708, 0.001222, 0.000006
709, 0.001080, 0.000005
710, 0.000000, 0.000001
711, 0.001138, 0.000004
712, 0.000252, 0.000004
713, 0.000000, 0.000006
714, 0.000921, 0.000004
715, 0.000155, 0.000007
716, 0.001320, 0.000002
717, 0.000090, 0.000004
718, 0.000000, 0.000007
719, 0.000000, 0.000003
720, 0.000000, 0.000004
721, 0.001406, 0.000004
722, 0.000000, 0.000004
723, 0.001214, 0.000005
724, 0.000925, 0.000000
725, 0.001350, 0.000001
726, 0.000000, 0.000005
727, 0.001000, 0.000002
728, 0.000298, 0.000000
729, 0.000311, 0.000005
730, 0.000000, 0.000004
731, 0.000332, 0.000001
732, 0.000000, 0.000001
733, 0.000000, 0.000004
734, 0.001186, 0.000002
735, 0.000027, 0.000002
736, 0.000000, 0.000005
737, 0.000421, 0.000006
738, 0.001373, 0.000003
739, 0.000000, 0.000003
740, 0.000498, 0.000005
741, 0.000180, 0.000005
742, 0.000818, 0.000005
743, 0.000812, 0.000005
744, 0.000000, 0.000006
745, 0.000000, 0.000004
746, 0.001445, 0.000003
747, 0.000882, 0.000004
748, 0.000000, 0.000006
749, 0.000000, 0.000006
750, 0.001083, 0.000004
751, 0.000000, 0.000006
752, 0.000000, 0.000004
753, 0.000000, 0.000007
754, 0.000170, 0.000005
755, 0.000000, 0.000003
756, 0.000010, 0.000006
757, 0.000000, 0.000006
758, 0.000000, 0.000005
759, 0.000208, 0.000006
760, 0.000775, 0.000003
761, 0.000000, 0.000002
762, 0.000510, 0.000006
763, 0.000332, 0.000001
764, 0.000000, 0.000000
765, 0.001340, 0.000005
766, 0.000522, 0.000003
767, 0.000000, 0.000005
768, 0.000585, 0.000003
769, 0.000000, 0.000003
770, 0.000000, 0.000005
771, 0.000017, 0.000004
772, 0.001137, 0.000002
773, 0.000667, 0.000001
774, 0.000075, 0.000000
775, 0.000543, 0.000001
776, 0.000000, 0.000004
777, 0.000000, 0.000000
778, 0.000433, 0.000003
779, 0.000000, 0.000003
780, 0.000000, 0.000001
781, 0.001020, 0.000001
782, 0.000000, 0.000005
783, 0.000690, 0.000004
784, 0.000000, 0.000004
785, 0.000126, 0.000004
786, 0.000000, 0.000004
787, 0.000000, 0.000002
788, 0.001315, 0.000001
789, 0.000053, 0.000005
790, 0.001027, 0.000002
791, 0.000000, 0.000003
792, 0.000000, 0.000002
793, 0.000325, 0.000002
794, 0.000000, 0.000004
795, 0.000236, 0.000003
796, 0.000000, 0.000001
797, 0.000069, 0.000006
798, 0.000867, 0.000001
799, 0.000394, 0.000000
800, 0.001036, 0.000004
801, 0.001395, 0.000003
802, 0.000000, 0.000001
803, 0.001448, 0.000001
804, 0.000000, 0.000000
805, 0.000121, 0.000007
806, 0.000285, 0.000000
807, 0.000000, 0.000000
808, 0.000299, 0.000005
809, 0.000479, 0.000005
810, 0.000221, 0.000003
811, 0.000482, 0.000002
812, 0.000874, 0.000002
813, 0.000000, 0.000001
814, 0.001005, 0.000002
815, 0.000260, 0.000001
816, 0.000146, 0.000001
817, 0.000806, 0.000004
818, 0.000080, 0.000007
819, 0.000000, 0.000004
820, 0.000644, 0.000000
821, 0.000638, 0.000001
822, 0.000000, 0.000001
823, 0.000000, 0.000005
824, 0.000000, 0.000003
825, 0.001105, 0.000005
826, 0.001447, 0.000003
827, 0.000000, 0.000000
828, 0.000507, 0.000000
829, 0.000000, 0.000002
830, 0.000000, 0.000005
831, 0.000000, 0.000004
832, 0.000978, 0.000004
833, 0.001110, 0.000005
834, 0.000552, 0.000001
835, 0.001064, 0.000004
836, 0.000000, 0.000005
837, 0.000000, 0.000006
838, 0.001252, 0.000001
839, 0.000926, 0.000003
840, 0.000310, 0.000001
841, 0.000791, 0.000005
842, 0.000398, 0.000001
843, 0.000633, 0.000000
844, 0.001520, 0.000003
845, 0.000482, 0.000000
846, 0.000736, 0.000002
847, 0.000309, 0.000000
848, 0.000139, 0.000005
849, 0.001603, 0.000003
850, 0.001359, 0.000001
851, 0.000000, 0.000000
852, 0.000000, 0.000006
853, 0.000000, 0.000001
854, 0.000465, 0.000002
855, 0.000988, 0.000004
856, 0.000397, 0.000001
857, 0.000129, 0.000000
858, 0.000277, 0.000001
859, 0.000000, 0.000004
860, 0.000429, 0.000003
861, 0.000846, 0.000000
862, 0.000454, 0.000004
863, 0.000507, 0.000004
864, 0.000000, 0.000001
865, 0.001209, 0.000002
866, 0.000000, 0.000004
867, 0.000000, 0.000001
868, 0.000065, 0.000000
869, 0.000088, 0.000000
870, 0.000000, 0.000002
871, 0.000889, 0.000001
872, 0.001250, 0.000004
873, 0.001150, 0.000003
874, 0.000064, 0.000006
875, 0.001194, 0.000002
876, 0.001033, 0.000001
877, 0.000000, 0.000003
878, 0.001478, 0.000001
879, 0.000000, 0.000006
880, 0.001634, 0.000002
881, 0.000902, 0.000003
882, 0.000098, 0.000007
883, 0.000000, 0.000003
884, 0.000000, 0.000005
885, 0.000000, 0.000000
886, 0.000316, 0.000004
887, 0.000555, 0.000005
888, 0.000000, 0.000006
889, 0.001150, 0.000000
890, 0.000000, 0.000001
891, 0.000806, 0.000007
892, 0.000377, 0.000004
893, 0.000575, 0.000001
894, 0.000400, 0.000001
895, 0.000382, 0.000003
896, 0.001556, 0.000001
897, 0.001126, 0.000000
898, 0.001563, 0.000001
899, 0.000000, 0.000007
900, 0.000044, 0.000004
901, 0.001486, 0.000000
902, 0.000269, 0.000000
903, 0.000141, 0.000004
904, 0.001032, 0.000001
905, 0.000127, 0.000000
906, 0.000716, 0.000007
907, 0.001463, 0.000003
908, 0.000286, 0.000002
909, 0.001026, 0.000003
910, 0.000239, 0.000004
911, 0.000392, 0.000001
912, 0.000000, 0.000000
913, 0.000716, 0.000006
914, 0.000326, 0.000001
915, 0.001235, 0.000001
916, 0.000000, 0.000000
917, 0.000000, 0.000005
918, 0.001287, 0.000000
919, 0.000000, 0.000001
920, 0.000021, 0.000000
921, 0.000000, 0.000005
922, 0.000000, 0.000003
923, 0.000466, 0.000002
924, 0.001454, 0.000005
925, 0.000000, 0.000004
926, 0.000000, 0.000001
927, 0.000000, 0.000003
928, 0.001115, 0.000004
929, 0.000000, 0.000005
930, 0.001073, 0.000004
931, 0.000604, 0.000002
932, 0.001031, 0.000006
933, 0.000776, 0.000001
934, 0.000952, 0.000002
935, 0.000365, 0.000006
936, 0.000464, 0.000003
937, 0.000681, 0.000003
938, 0.000757, 0.000001
939, 0.000000, 0.000004
940, 0.001569, 0.000003
941, 0.000078, 0.000000
942, 0.000000, 0.000002
943, 0.000774, 0.000004
944, 0.000486, 0.000001
945, 0.000531, 0.000004
946, 0.000000, 0.000005
947, 0.000512, 0.000003
948, 0.000356, 0.000000
949, 0.000000, 0.000000
950, 0.000000, 0.000009
951, 0.000314, 0.000000
952, 0.001110, 0.000001
953, 0.000353, 0.000002
954, 0.000000, 0.000003
955, 0.000536, 0.000001
956, 0.000155, 0.000000
957, 0.000000, 0.000004
958, 0.000586, 0.000002
959, 0.000033, 0.000000
960, 0.000000, 0.000000
961, 0.000000, 0.000005
962, 0.000315, 0.000000
963, 0.000726, 0.000001
964, 0.000280, 0.000002
965, 0.000000, 0.000002
966, 0.000298, 0.000004
967, 0.000000, 0.000001
968, 0.001260, 0.000004
969, 0.000000, 0.000004
970, 0.001419, 0.000001
971, 0.000224, 0.000003
972, 0.001309, 0.000005
973, 0.000000, 0.000006
974, 0.000611, 0.000004
975, 0.001378, 0.000003
976, 0.001301, 0.000001
977, 0.000250, 0.000002
978, 0.000000, 0.000001
979, 0.000000, 0.000005
980, 0.000112, 0.000001
981, 0.000000, 0.000000
982, 0.000000, 0.000002
983, 0.000140, 0.000004
984, 0.001135, 0.000003
985, 0.001554, 0.000003
986, 0.000683, 0.000004
987, 0.000000, 0.000000
988, 0.000045, 0.000001
989, 0.001300, 0.000000
990, 0.000000, 0.000002
991, 0.000202, 0.000001
992, 0.000985, 0.000003
993, 0.001496, 0.000004
994, 0.000000, 0.000001
995, 0.000537, 0.000005
996, 0.000000, 0.000001
997, 0.000000, 0.000004
998, 0.000000, 0.000000
999, 0.000000, 0.000000
